product,size,price 
젤란 라이트 후드(남녀공용),S ~ 2XL,21,900,#ffffff#cccccc#1f2dc7#0f1425#801921#000000,0.png
젤란 라이트 후드집업(남녀공용),S ~ 2XL,23,900,#304dc2#000000#022954#c3bfbe#63252a#ffffff,1.png
젤란 라이트 맨투맨(남녀공용),S ~ 2XL,17,900,#d02933#022954#c3bfbe#304dc2#63252a#000000#ffffff,2.png
트리플에이 1301 스트릿 반팔,S ~ 3XL,9,500,#323232#d1ef47#dc4d6d#5e8ea3#bde4c3#fff85b#ffffff#e6e4e9#d4d4d4#eee4d4#f7f3c6#b4b4b4#839fad#f8d6d5#95bfcf#a59272#b05832#785631#6d5f38#a8e7ff#fddb8a#96ead6#ffee49#fa733c#9e0508#dc3c78#029ab2#00982c#d02933#f7be4a#253da6#633274#39516b#095030#57223e#022954#513300#565656#727277#000000,3.png
길단 2000 오리지널 반팔,S ~ 3XL,9,000,#f7be4a#007486#57223e#2a392c#aec3d7#b4b4b4#40966d#e6965f#eebac7#e782b9#cfff3f#ff6c00#3c485b#633274#008b8e#ccc5e4#6e7041#fa733c#ffee49#029ab2#415496#a1f4ca#ffffff#b7b8bd#9e0508#022954#333333#ece0b8#000000,4.png
길단 2000 오리지널 반팔 (빅사이즈),4XL, 5XL,11,000,#ffffff#000000,5.png
프린트스타 17수 라운드 반팔(남녀공용),S ~ 2XL,8,900,#ffee9b#d8dbdf#80a955#63252a#ffffff#253b2c#d02933#ffee49#633274#354444#c3bfbe#229844#f8f3ea#eda9a7#022954#96ead6#dc3c78#415496#cb98d0#000000#eebac7#aec3d7#fa733c#b8b4a6#333333#0e3a95#304dc2#6d5f38#029ab2,6.png
피그먼트 반팔,L, XL,18,000,#3e3c3c#6d6f7f,7.png
코튼플레이 더블헤비코튼 반팔,S ~ 2XL,20,500,#000000#ffffff,8.png
길단 88000 베이직 기모 맨투맨,S ~ 2XL,21,000,#415496#022954#b7b8bd#d02933#ffffff#000000,9.png
길단 88500 베이직 기모 후드,XS ~ 2XL,24,700,#727277#ffffff#b7b8bd#d02933#415496#022954#000000,10.png
길단 88600 베이직 기모 후드집업,XS ~ 2XL,27,300,#022954#464646#ffffff#b7b8bd#d02933#000000,11.png
길단 12000 크루넥 맨투맨(USA핏),S ~ XL,21,000,#022954#b7b8bd#ffffff#000000,12.png
길단 12500 베이직 후드 (USA 핏) 기능성/기모,S ~ 2XL,30,900,#2a392c#fa733c#57223e#b4b4b4#ffffff#b7b8bd#d02933#415496#022954#000000,13.png
특양면 베이직 맨투맨(남녀공용),S ~ 3XL,13,000,#e7e3b0#ffee49#fa733c#fefefe#333333#a5a5aa#c31704#1f5bbc#0a1429#080808,14.png
특양면 베이직 후드(남녀공용),S ~ 3XL,16,400,#fff85b#245364#fefefe#f8f3ea#f8d6d5#a5a5aa#8bdfff#ffee49#02bbcf#fa733c#dc3c78#9d0d1c#1f5bbc#006400#430b64#5e2133#0a1429#1c1c1c#333333#080808,15.png
특양면 헤리 맨투맨(남녀공용),S ~ 3XL,13,000,#fefefe#eda9a7#fa733c#ffee49#f8f3ea#006400#1c1c1c#a5a5aa#1f5bbc#9d0d1c#0a1429#080808#333333#dc3c78#02bbcf#5e2133#490372#8be31b,16.png
프린트스타 17수 오버핏 티셔츠,S ~ XL,10,900,#000000#ffffff,17.png
길단 63000 30수 소프트 반팔(남녀공용),XS ~ 2XL,5,900,#95bfcf#fa733c#ffee49#229844#430b64#ffffff#d02933#3b598e#b7b8bd#022954#333333#000000,18.png
길단 76000 24수 베이직 반팔(남녀공용),XS ~ 3XL,8,900,#7f97d1#bd2b79#dbe2e7#fbb900#6d6195#17268a#0f8d90#dc3c78#e3905d#ffee49#f0b5d1#ffffff#aec3d7#eebac7#d02933#3b598e#0784bc#494f32#2a392c#47382a#022954#b7b8bd#333333#000000#00863f#727277#fa733c#57223e#9fdf65#40966d#ece0b8,19.png
20수 Value 라운드 반팔(남녀공용),S ~ 3XL,5,900,#fefefe#ffee49#fa733c#dc3c78#8bdfff#02bbcf#8be31b#06a132#1f5bbc#b7242a#a5a5aa#0a1429#080808#f8d6d5,20.png
30수 Value 라운드 반팔(남녀공용),S ~ 3XL,4,700,#430b64#333333#02bbcf#f8d6d5#b5dff7#ffee49#dc3c78#8be31b#5e2133#a5a5aa#0a1429#9d0d1c#1f5bbc#06a132#8bdfff#fa733c#fefefe#080808,21.png
챔피온 6.1 스트릿 반팔,S(90~95) ~ XL(110~115),11,300,#d8dbdf#afb7c3#022954#1459ac#000000#ad1819#727277#411e23#ec9b1b#192e21#ffffff,22.png
챔피온 헤리티지 반팔 T2102,S(90~95) ~ XL(110~115),21,900,#000000#ffffff,23.png
유나이티드 애슬 5001-01 반팔 티셔츠,S ~ XL,15,900,#022954#eee4d4#333333#020202#b4b4b4#633274#ffffff#0a1429#96ead6#f0dddf#415496#63252a,24.png
컴포트 컬러즈 1717,M ~ XL,13,900,#c3bfbe#63ccdd#57a29a#aab09d#b0344d#ff7869#ccb671#5f87aa#ffffff#000000,25.png
필잇 시그니처 쿨론 반팔,S ~ 7XL,13,200,#232323#363637#212633#E9E9E9,26.png
샤카 박스티,S ~ XL,24,000,#000000#ffffff,27.png
길단 HA00 반팔 라운드,S ~ 2XL,9,300,#415496#57223e#fa733c#d02933#ffffff#b7b8bd#022954#000000,28.png
길단 8000 라운드 반팔,S ~ XL,11,000,#d8dbdf#ffffff#000000,29.png
글리머 드라이 기모 맨투맨,XS ~ 4XL(5L),21,000,#415496#eebac7#63252a#022954#b7b8bd#000000#ffffff,30.png
글리머 드라이 기모 후드,XS ~ 4XL(5L),25,000,#eebac7#000000#022954#415496#b7b8bd#63252a#ffffff,31.png
글리머 드라이 기모 후드 집업,XS ~ 4XL(5L),27,000,#022954#eebac7#63252a#b7b8bd#000000#415496#ffffff,32.png
트리플에이 1701 스트릿 슬림 반팔,XS ~ XL,12,500,#839fad#80e400#029ab2#333333#ffffff#f7f3c6#ece0b8#ffee49#fa733c#d02933#304dc2#00982c#633274#095030#d4d4d4#b4b4b4#727277#39516b#63252a#6e7041#323232#022954#000000,33.png
길단 5000 네온 티셔츠,S ~ L,11,000,#8be31b#ff6180,
프룻오브더룸 와펜 티셔츠,S ~ XXL,10,900,#633274#63252a#edbf04#022954#eda9a7#415496#f7be4a#fa733c#2a392c#c3bfbe#d02933#000000#ffffff,34.png
컬러톤 타이다이 티셔츠 (젤리빈),S ~ XL,17,900,#f0b5d1,35.png
컬러톤 타이다이 티셔츠 (이터니티),S ~ XL,17,900,#fa733c,36.png
컬러톤 타이다이 티셔츠 (민티레인보우),S ~ XL,17,900,#029ab2,37.png
길단 67000 소프트 반팔,S ~ 3XL,11,000,#ffffff#000000,38.png
길단 4BI00 기능성 라운드 반팔,XS ~ 2XL,11,400,#b1b3b7#091e8f#d2ff00#14293c#ffffff#000000,39.png
길단 76600 링거 반팔티,S ~ XL,9,700,#002850#d22832#012850,40.png
특양면 베이직 후드집업(남녀공용),S ~ 3XL,20,400,#245364#fff85b#fefefe#f8f3ea#f8d6d5#a5a5aa#8bdfff#ffee49#02bbcf#fa733c#dc3c78#9d0d1c#1f5bbc#006400#430b64#5e2133#0a1429#1c1c1c#333333#080808,41.png
필잇 시그니처 쭈리 오버핏 맨투맨,S ~ 6XL,19,800,#F9CDCF#A4A1C2#282B2B#1F2334#273F3C#1D1D1D#3EB7D7#AD8440#BB5A5E#443C25#ABD937#AAACAF#ECECEC,42.png
제멋 제이원 덤블 기모 후드,M ~ 2XL,25,900,#625C55#BBB9B4#2F3540#323634#B9BABB#202020#EAE6D6#737C78,43.png
페어플레이 오리지널 반팔,M ~ 2XL,11,900,#A09F9F#080808#d02933#ffffff#022954,44.png
페어플레이 에센셜 로우 후드,M ~ 2XL,29,500,#E8E9EA#B9BABB#656C64#202020#3C4331,45.png
페어플레이 에센셜 후드 집업,M ~ 2XL,33,000,#3C4331#B9BABB#505550#BBB9B4#000000#445169,46.png
페어플레이 오리지널 후드(기모),M ~ 2XL,28,200,#39516b#494f32#430b64#545454#a5a5aa#565656#000000#006400#022954#d02933#323f85,47.png
페어플레이 에센셜 와이드 스웨트 팬츠,M ~ 2XL,26,000,#3C4331#202020#47586C#c3bfbe#656C64#AFAFA4#3C3227,48.png
페어플레이 오리지널 집업후드(기모),M ~ 2XL,33,000,#c3bfbe#1f5bbc#d02933#022954#06a132#080808,49.png
필잇 시그니처 라운드 반팔,XS ~ 2XL,10,900,#1c1c1c#022954#1f5bbc#f7f3c6#b491b2#513300#eda9a7#006400#333333#ffffff#000000,50.png
페어플레이 더블코튼 무지 반팔,M ~ 2XL,11,500,#ECECEC#1C3438#C0B488#1C1C1C#EBEBDD#514E4C,51.png
제멋 에디 오버핏 반팔 티셔츠,M ~ 2XL,15,000,#CD707B#1C1C1C#484F3C#ECECEC#5B786D#CBF161#E7E7D3#799AB4,52.png
필잇 시그니처 라운드 반팔 (빅사이즈),3XL ~ 6XL,12,900,#b491b2#eda9a7#f7f3c6#1f5bbc#006400#022954#1c1c1c#513300#333333#ffffff#000000,53.png
필잇 시그니처 오버핏 기모 맨투맨,S ~ 6XL,20,900,#AAB0B4#753333#B5DE5B#1E1E20#fefefe#C8A0A7#8D86BD#C2C5BF#CF5050#2D2E30#303234#222734#C9AD4D,54.png
챔피온 스트릿 후드,S ~ XL,37,900,#c3bfbe#022954#000000,55.png
프린트스타 20수 스탠다드 라운드 티셔츠 (남녀공용),XS ~ 3XL,8,500,#1f255e#000000#ffffff,56.png
필잇 헤리티지 20수 반팔,S ~ 2XL,9,000,#eda9a7#333333#022954#bde4c3#64b9d9#ffffff#000000,57.png
길단 76400 베이직 긴팔,S ~ 2XL,12,900,#022954#ffffff#000000,58.png
페어플레이 오리지널 맨투맨(기모),M ~ 2XL,25,900,#1f4f84#a5a5aa#000000#006400#d02933#1f5bbc#022954,59.png
필잇 시그니처 웜 후드,S(85) ~ 5XL(120),27,900,#142f54#0b60d8#000000#87867a#ffffff#dddbd6#a19790#aa5c22#a90000#a3bec1#b89acd#b3b3b3#e7b9b9#414141#001540#7f7f7f#404040#eeb303#511414,60.png
페어플레이 오리지널 시보리 긴팔,M ~ 2XL,12,400,#c3bfbe#022954#ffffff#d02933#000000,61.png
챔피온 스트릿 맨투맨,S ~ XL,31,900,#000000#022954#a5a5aa,62.png
유나이티드 애슬 5214-01 쭈리 후디,S ~ XL,45,900,#49443e#fa733c#000000#b4b4b4#022954#eebac7,63.png
유나이티드 애슬 5044-01 쭈리 맨투맨,S ~ XL,38,900,#022954#f7f3c6#eebac7#fa733c#000000#49443e#b7b8bd,64.png
길단 2400 긴팔 라운드 티셔츠,S ~ 2XL,12,500,#000000#022954#e5d6ba#4b5c98#2c3a2b#d32517#f0f2f2#f7be4a#b7b8bd#64615b#ffffff,65.png
특양면 헤리 기모 맨투맨(남녀공용),S ~ 3XL,14,000,#f8f3ea#080808#333333#a5a5aa#0a1429,66.png
니트가디건 (자수/패치만 가능),S(85) ~ 3XL(110),28,900,#3f2525#000000#022954,67.png
트리플에이 1574 스트릿 기모 후드집업,S ~ XL,36,900,#63252a#000000#b4b4b4#727277#022954#545454#d02933,68.png
글리머 리플렉트 플리스 자켓 (자수만 가능),XS ~ 4XL(5L),20,800,#000000#022954#929394,69.png
20수 라운드 쭉티 긴팔(남녀공용),S ~ 2XL,9,400,#0a1429#EB7839#080808#a5a5aa#fefefe,70.png
페어플레이 오리지널 후드(쭈리),M ~ 2XL,25,200,#d02933#ffffff#006400#a5a5aa#000000#022954,71.png
길단 18700 후드집업 (USA핏) 기모,S ~ XL,32,000,#727277#6b516f,72.png
트리플에이 1573 스트릿 기모 후드,S ~ XL,32,900,#415496#ffffff#d02933#333333#57223e#727277#000000#022954#b4b4b4,73.png
필잇 시그니처 라운드 긴팔,S ~ 7XL,14,000,#0166b1#1e2c1e#b3a7c9#865234#cccfbf#262626#56595c#17191f#dbb9b1#000000#FFFFFF,74.png
길단 92500 기모 후드(USA핏),S ~ XL,32,400,#415496#ffffff#000000#b7b8bd,75.png
프룻오브더룸 와펜 후디,S(90) ~ XL(110),33,000,#c3bfbe#022954#633274#229844#f8f3ea#eab855#513300#000000#fa733c,76.png
아메리칸어패럴 2001 프리미엄 반팔,XS ~ 2XL(110),21,900,#63252a#f7be4a#fa733c#d02933#304dc2#095030#b4b4b4#022954#000000#ffffff,77.png
필잇 시그니처 웜 후드집업,S(85) ~ 5XL(120),34,900,#98b2b4#001a40#a35a11#2b4055#8e8c71#ffffff#c0c0c0#000000#547973#5a5a5a#999999#4e0000#e6bcb3#85847b,78.png
[Dasoul] 무지 양털 집업,M ~ 2XL,40,900,#423c24#000000#cfba8f#c3bfbe,79.png
20수 라운드 시보리 긴팔(남녀공용),S ~ 3XL,9,400,#fefefe#fa733c#06a132#1f5bbc#9d0d1c#dc3c78#022954#02bbcf#8be31b#8bdfff#ffee49#080808#a5a5aa,80.png
길단 42000 기능성 반팔,S ~ XL,13,000,#95bfcf#ffffff#d1ef47#d02933#415496#022954#333333#000000,81.png
베이직 솔리드 PK 반팔,S ~ 3XL,11,000,#5ecbe6#2c4bab#0ab556#f4661c#637e8c#06b2d7#ffe02f#d83437#167dd3#ffffff#000000,82.png
길단 95800 더블 PK 반팔,S ~ 2XL,13,500,#001433#a53131#000000#285cb1#ffd346#abaab2#008ecc#ffffff,83.png
길단 6800 더블 PK 스포츠 반팔,S ~ 2XL,13,500,#f25a40#000000#285cb1#abaab2#001433#ffffff,84.png
아메리칸어패럴 후드티,S ~ XL,43,500,#727277#000000#ffffff,85.png
바람막이 자켓 (패치만 가능),S(85) ~ 4XL(115),24,500,#ffee49#1f5bbc#fa733c#dc3c78#d02933#022954#304dc2#80e400#423c24,86.png
루즈핏 베이직 맨투맨,FREE(44~66),18,000,#423c24#d02933#757a6a#000000#cfba8f,87.png
길단 5100 반팔 라운드,S ~ 2XL,10,400,#ffffff#000000,88.png
[Dasoul] 베이직 기모 맨투맨,M ~ 2XL,22,900,#000000#b8ebfa#cface3#f7f5ed#caf87e#00656c#542c5a#faa42f#ffffff#eda9a7#304dc2#c3bfbe#ffe552#3c6b48#d02933#cfba8f,89.png
앤빌 6750 반팔(남녀공용),S ~ 2XL,13,000,#6b516f#404463#222224#853038#c3bfbe,90.png
베이직 솔리드 PK 긴팔,S ~ 3XL,13,000,#ffe02f#167dd3#5ecbe6#2c4bab#0ab556#f4661c#637e8c#06b2d7#d83437#ffffff#000000,91.png
여성 트임 기모 맨투맨,FREE(55~66반),14,900,#182817#c3bfbe#000000,92.png
챔피온 CC8C 쭉티,S(85) ~ XL(100),17,900,#022954#3b598e#ffffff#c3bfbe#d02933#000000,93.png
특양면 져지(남녀공용),S(85) ~ 3XL(110),24,000,#080808#0a1429#a5a5aa,94.png
유나이티드 애슬 5213-01 쭈리 집업,S ~ XL,48,900,#000000#f7f3c6#022954#b4b4b4,95.png
20수 라운드 옆라인 반팔(남녀공용),S ~ 3XL,6,500,#333333#323d48#0a1429#cfba8f#423c24#d02933#1f5bbc#6c4a31#fefefe#f8d6d5#080808,96.png
바람막이 자켓 가슴 주머니 (패치만 가능),S(85) ~ 3XL(110),29,200,#080808#304dc2#fa733c#80e400#ffee49#022954#d02933,97.png
트리플에이 5304 긴팔 슬림,S(95) ~ XL(110),20,000,#333333#d02933#afb7c3#022954#000000#ffffff,98.png
겨울용 폴라폴리스 자켓 (자수/패치만 가능),S(85) ~ 3XL(110),28,900,#223573#000000#022954#434648,99.png
오리지널 윈드브레이커,M ~ 3XL,23,500,#fa733c#8bdfff#d1ef47#8be31b#ffee49#1f5bbc#430b64#000000,100.png
글리머 헤비 드라이 후드 집업,XS ~ 2XL(3L),25,900,#000000#415496#b7b8bd#022954#ffffff,101.png
여성 트임 맨투맨,FREE(55~66반),14,900,#c3bfbe#123525,102.png
앤빌 391 여자 반팔,S ~ L,10,900,#c53166#000000#ffffff,103.png
아메리칸어패럴 여성 트라이블렌드 티셔츠,XS-S, M-L,21,900,#080808#afb7c3,104.png
아메리칸어패럴 여성 크롭 맨투맨,S ~ L,27,800,#ffffff#080808,105.png
길단 76400 여성 슬림 긴팔,M, L,12,900,#f6bdbb#ffffff#000000,106.png
프룻오브더룸 와펜 크루넥,S(90) ~ XL(110),25,900,#000000#f7f3c6#633274#513300#229844#fa733c#c3bfbe#022954#eab855,107.png
글리머 드라이 라운드 긴팔 티셔츠(기능성),XS ~ 2XL(3L),10,900,#029ab2#bee26c#c3bfbe#633274#63252a#000000#022954#d02933#aec3d7#229844#415496#ffffff,108.png
필잇 시그니처 쭈리 후드 (옆주머니),S(85) ~ 2XL(105),26,400,#eda9a7#a5a5aa#1c1c1c#022954#b491b2#64b9d9#80e400#229844#513300#000000#ffffff,109.png
베이직 남성 후리스(자수만 가능),M(90) ~ 3XL(110),19,800,#494f52#fa733c#000000#022954#d02933#b8c0c7,110.png
트리플에이 1572 스트릿 기모 맨투맨,M ~ XL,29,900,#ffffff#333333#d02933#63252a#b4b4b4#022954#727277#000000,111.png
[Dasoul] 무지 집업 후드(기모),M ~ 2XL,29,800,#ffffff#dfdfdd#cfba8f#423c24#000000,112.png
[Dasoul] 무지 베이직 후드(기모),M ~ 2XL,23,500,#fce24f#285e42#cdb493#ffffff#000000#430b64#c3bfbe#006f75#f3a423#efeee5#c1a2da#b8e7f7#d3f073#d02933#304dc2,113.png
필잇 시그니처 쭈리 후드 옆주머니 (빅사이즈),3XL(110) ~ 5XL(120),28,400,#64b9d9#b491b2#1c1c1c#a5a5aa#ffffff#eda9a7#80e400#513300#022954#229844#000000,114.png
아메리칸어패럴 스판 민소매 크롭탑,S ~ L,13,900,#080808,115.png
트리플에이 1308 머슬티,S ~ XL,10,700,#ffffff#000000,116.png
프린트스타 T/C 레이어드 폴로셔츠,XS ~ 2XL(3L),13,500,#2a392c#022954#3c4f96#a8d2ac#c3bfbe#eda9a7#415496#ffffff#000000,117.png
챔피온 T137 나그랑 티셔츠,S(90) ~ XL(110),17,600,#022954#d02933#f7be4a#000000#095030#3b598e#57223e,118.png
[Dasoul] 스트라이프 레이어드 쭉티,M ~ 2XL,18,000,#d02933#ffffff#304dc2,119.png
프룻오브더룸 와펜 폴로티셔츠,S ~ XL,18,900,#022954#000000#63252a#304dc2#fa733c#c3bfbe#edbf04#d02933#229844#ffffff,120.png
글리머 라이트 드라이 티셔츠,S ~ 2XL,8,000,#111c2e#ffffff#a83133#482a4a#004a8a#b4e4f3#495655#000000,121.png
아메리칸어패럴 반팔 후드티,S ~ L,39,000,#727277#6c6c90,122.png
길단 3BI00 SP 반팔 기능성 라운드,XS ~ 2XL,9,900,#022954#a5a5aa#3b598e#d63c2b#d1ef47#ffffff#000000,123.png
아메리칸어패럴 여성 나그랑 3/4 티셔츠,XS-S, M-L,16,900,#022954#f6bdbb#c3bfbe,124.png
에이팜스 슬림 라운드 반팔(남녀공용),S(85) ~ XXL(105),7,900,#ffffff#4b0112#423c24#333333#000000,125.png
아메리칸어패럴 헤비 후드티,S ~ XL,52,300,#b4b4b4#fa733c#000000#ffffff,126.png
글리머 드라이 레이어드 버튼다운 폴로 셔츠 (주머니),XS ~ 3XL(4L),13,500,#ffee49#029ab2#dc3c78#fad7d7#a8e7ff#d02933#0e3a95,127.png
트리플에이 1304 스트릿 크루넥,S ~ 2XL,12,900,#d1ef47#505050#d4d4d4#47382a#85252f#f8d6d5#430b64#edbf04#513300#d8dbdf#b8b19f#323d48#fa733c#4f96b8#229844#423c24#ffffff#b4b4b4#727277#095030#304dc2#d02933#57223e#022954#000000,128.png
20수 심플 PK 반팔(남녀공용),S ~ 3XL,12,900,#fefefe#f6bdbb#a5a5aa#229844#8bdfff#ffee49#fa733c#dc3c78#1f5bbc#9d0d1c#006400#490372#5e2133#0a1429#080808,129.png
글리머 드라이 버튼다운 폴로셔츠,XS ~ 3XL(4L),13,000,#eebac7#ffee49#d02933#029ab2#64b9d9#415496#80e400#ffffff#63252a#229844#022954#000000,130.png
아메리칸어패럴 여성 티셔츠 드레스,XS ~ L,21,900,#080808,131.png
길단 76000 24수 여성 슬림 반팔,S ~ XL,8,900,#c53166#80e400#ffffff#b7b8bd#eebac7#d02933#0784bc#022954#000000,132.png
드롭숄더 크롭티,FREE(44~66반),9,900,#000000#ffffff,133.png
앤빌 887L 긴팔 여성 경량 후드티,S ~ L,16,000,#022954#d02933#000000,134.png
트리플에이 1334 7부 나그랑,S ~ XL,18,700,#010101#c3c3c3#d22832#3250c3#002850#012850#030303#020202,135.png
스판텍스 라운드 반팔(남녀공용),S ~ 3XL,11,000,#a5a5aa#fefefe#8bdfff#8be31b#0490cb#fa733c#dc4d6d#d63c2b#2f489c#04324a#0a1429#080808,136.png
길단 2700 머슬티,S ~ 2XL,10,900,#000000#d02933#b7b8bd#ffffff,137.png
길단 2300 반팔 포켓 라운드,S ~ 2XL,12,000,#ffffff#000000,138.png
글리머 드라이 라운드 티셔츠(기능성),XS ~ 2XL(3L),8,900,#eebac7#63252a#cb98d0#633274#ff6180#80e400#029ab2#494f32#c3bfbe#dc3c78#000000#022954#d02933#fa733c#ffee49#aec3d7#229844#415496#ffffff#565656,139.png
길단 63V00 V넥 반팔,S ~ 2XL,8,100,#ffffff#b7b8bd#000000,140.png
아메리칸어패럴 여성 스판 반팔 크롭탑,XS ~ L,18,500,#afb7c3,141.png
스판텍스 PK 반팔(남녀공용),S ~ 3XL,14,900,#d63c2b#2f489c#04324a#a5a5aa#0a1429,142.png
길단 76500 나그랑 반팔,S ~ 2XL,11,900,#010101#229844#b7b8bd#3250c3#d22832,143.png
길단 73800 여성 슬림 PK반팔,M ~ XL,12,000,#0490cb#dc3c78#ffffff#d02933#000000,144.png
20수 슬림 나그랑 긴팔(남녀공용),S ~ 2XL,9,800,#6c4a31#d02933#229844#304dc2#4c1ba5#006400#505050#333333,145.png
트리플에이 1309 링어 반팔,S ~ L,14,700,#513300#c3c3c3#81819f#545454#010101,146.png
20수 슬림 보카시 반팔(남녀공용),S ~ 2XL,7,900,#8bdfff#4c1ba5#d02933#6c4a31#304dc2#229844#006400#5e2133#022954#333333,147.png
길단 76700 7부 나그랑,S ~ XL,13,000,#d22832#415496,148.png
30수 내추럴 슬라브 반팔(남녀공용),S(90) ~ XXL(110),8,900,#ffffff#333333#4b0112#423c24,149.png
프린트스타 베이직 폴로셔츠(남녀공용),XS ~ 2XL(3L),13,000,#ffee49#3b598e#633274#ffffff#fa733c#a8e7ff#229844#d02933#000000#022954,150.png
길단 73800 슬림 PK반팔,S ~ 2XL,12,000,#edbf04#fa733c#ffffff#b7b8bd#0784bc#3b598e#d02933#000000,151.png
초경량 조끼 (패치만 가능),XS(80) ~ 3XL(110),21,000,#fa733c#304dc2#444548#1f5bbc#ffee49#80e400#d02933,152.png
박스 원피스,FREE(44~66),9,900,#ffffff#a5a5aa#000000,153.png
트리플에이 5300 스트릿 V넥 반팔,S ~ L,14,700,#633274#029ab2#ffffff#b4b4b4#727277#333333#000000,154.png
아메리칸어패럴 트레이닝 반바지,S, M,39,000,#080808,155.png
아메리칸어패럴 여성 반바지,S ~ L,16,300,#81819f,156.png
드라이 하프팬츠,S ~ XL(LL),11,900,#c3bfbe#000000#475657#022954#0e3a95#029ab2#d02933,157.png
아메리칸어패럴 플리스 반바지,S ~ XL,28,900,#080808#e6e4e9,158.png
로빈손 코튼 숏츠,FREE,9,900,#a5a5aa#000000,159.png
글리머 드라이 버튼다운 폴로셔츠 (주머니),XS ~ 3XL(4L),13,000,#d02933#ffee49#022954#029ab2#ffffff#64b9d9#eebac7#000000#80e400#63252a#229844#415496,160.png
여성 7부 박스티,FREE(55~77),15,000,#000000#ffffff#c3bfbe,161.png
프린트스타 쮸리 팬츠,WM(XS) ~ 2XL(3L),15,900,#eee4d4#63252a#022954#c3bfbe#ffffff#080808,162.png
20수 슬림 나그랑 반팔(남녀공용),S ~ 2XL,7,700,#d02933#229844#304dc2#006400#4c1ba5#6c4a31#505050#333333,163.png
아메리칸어패럴 BB453 7부 나그랑(남녀공용),S ~ XL,24,500,#239646#d22832#010101,164.png
아메리칸어패럴 2102 여성 반팔,S ~ L,21,900,#080808#ffffff#afb7c3,165.png
글리머 드라이 레이어드 폴로 셔츠 (주머니),XS ~ 2XL(3L),12,900,#ffee49#dc3c78#029ab2#fad7d7#a8e7ff#d02933#0e3a95,166.png
글리머 드라이 폴로셔츠(주머니),XS ~ 3XL(4L),12,900,#d02933#029ab2#c3bfbe#aec3d7#000000#022954#63252a#415496#ffee49#80e400#eebac7#ffffff,167.png
아메리칸어패럴 여성 크롭 탱크탑,FREE,16,300,#eebac7#304dc2#ff6180#080808#f7be4a,168.png
20수 코튼 브이넥 반팔(남녀공용),S ~ 2XL,8,900,#000000#ffffff#eebac7#718cb4#727277,169.png
길단 83800 PK 면반팔,M, XL,10,000,#0490cb#080808#b7b8bd#d02933#ffffff#b4b4b4,170.png
쿨론 라운드 반팔(남녀공용),S ~ 3XL,5,500,#f8d6d5#2f489c#fefefe#5e8ea3#02bbcf#8bdfff#ffee49#fa733c#ff6180#9d0d1c#1f5bbc#0a1429#080808,171.png
글리머 드라이 긴팔 폴로셔츠 (주머니),XS ~ 3XL(4L),13,500,#415496#d02933#000000#96ead6#63252a#aec3d7#022954#ffffff,172.png
아메리칸어패럴 헤비 맨투맨,S ~ XL,45,900,#b4b4b4#fa733c#000000#ffffff,173.png
레귤러 옥스포드 버튼다운셔츠,S(95) ~ XL(110),16,900,#a8d2ac#000000#f5b2b2#afc7e0#ffffff#c3bfbe,174.png
트리플에이 1307 스트릿 민소매,S ~ XL,10,700,#ece0b8#d8dbdf#fa733c#333333#022954#a59272#96ead6#ffffff#d02933#b4b4b4#727277#000000,175.png
길단 18500 베이직 후드 (USA 핏) 기모,S ~ 2XL,26,000,#eebac7#ece0b8#f7be4a#b7b8bd#000000,176.png
베이직 셔츠 (블랙),90 ~ 120,16,900,#000000,177.png
베이직 셔츠 (화이트),90 ~ 120,16,900,#ffffff,178.png
길단 76200 24수 탱크톱,S ~ XXL,8,000,#022954#000000#b7b8bd#ffffff,179.png
30수 심플 PK 반팔(남녀공용),S ~ 3XL,8,900,#333333#8be31b#02bbcf#0a1429#fefefe#f6bdbb#a5a5aa#8bdfff#ffee49#fa733c#1f5bbc#9d0d1c#006400#490372#5e2133#080808,180.png
라이트 폴라폴리스 자켓 (자수/패치만 가능),S(85) ~ 4XL(115),21,800,#304dc2#000000#022954#423f42,181.png
베이직 여성 후리스(자수만 가능),S(85) ~ XL(100),19,800,#494f52#633274#d02933#b8c0c7#022954#fa733c,182.png
아메리칸어패럴 트레이닝 자켓,XS ~ XL,52,900,#d02933#000000,183.png
폴라폴리스 미들러(기모)(남녀공용),S(85) ~ 3XL(110),31,900,#1f5bbc#9d0d1c#0a1429,184.png
30수 심플 PK 긴팔(남녀공용),S ~ 3XL,9,900,#02bbcf#333333#8be31b#ffee49#0a1429#fefefe#a5a5aa#f6bdbb#8bdfff#fa733c#229844#1f5bbc#9d0d1c#490372#5e2133#080808,185.png
20수 심플 PK 긴팔(남녀공용),S ~ 3XL,13,000,#006400#ffee49#fefefe#a5a5aa#f6bdbb#8bdfff#fa733c#229844#1f5bbc#dc3c78#9d0d1c#490372#5e2133#0a1429#080808,186.png
글리머 드라이 폴로 셔츠,XS ~ 2XL(3L),12,900,#dc3c78#eebac7#633274#63252a#fa733c#ffffff#022954#415496#ffee49#229844#029ab2#a8d2ac#d02933#80e400#eda9a7#aec3d7#c3bfbe#000000,187.png
길단 63V00L 30수 여성 V넥 반팔,S ~ XL,8,100,#ffffff#000000,188.png
핑크 솔리드 반팔 셔츠,95 ~ 110,18,900,#eebac7,189.png
쿨론 카라 반팔(남녀공용),S ~ 3XL,9,900,#d02933#dc3c78#080808#1f5bbc#ffee49#430b64#fa733c#8bdfff#0a1429#04324a#fefefe,190.png
박스 롱 원피스,FREE(55~77),11,000,#080808#8bdfff#ffee49,191.png
화이트 솔리드 반팔 셔츠,95 ~ 110,10,900,#ffffff,192.png
유니온 가디건 (자수/패치만 가능),S(85) ~ 3XL(110),28,900,#022954#000000,193.png
특양면 터틀넥 집업(남녀공용),S ~ 3XL,24,900,#9d0d1c#ffffff#080808#0a1429#a5a5aa,194.png
글리머 라이트 드라이 집업후드(남녀공용),S ~ 2XL(3L),14,900,#415496#022954#000000#dc3c78#d02933#565656#ffffff,195.png
경량 베스트 (패치만 가능),M(90) ~ 5XL(120),23,900,#022954#080808,196.png
야구점퍼(블랙)_10장부터 주문가능,XS ~ 3XL,49,000,#304dc2#0e3a95#eda9a7#022954#fa733c#d02933#57223e#229844#080808,197.png
V넥 라이트 패딩조끼 (패치만 가능),S(85) ~ 3XL(110),33,500,#022954#a5a5aa#080808,198.png
후리스 본딩 후드지퍼 (자수/패치만가능),S(85) ~ 3XL(110),31,900,#000000#022954,199.png
라이트 윈드브레이커,S(85) ~ 3XL(110),35,900,#229844#fa733c#edbf04#000000#1f5bbc,200.png
[Dasoul]무지 루즈핏 목폴라,M ~ 2XL,27,000,#000000,201.png
노르딕 헤비 패딩 자켓(남녀공용),S(85) ~ 3XL(110),75,900,#304dc2#d02933#022954#080808,202.png
챔피온 매쉬 반바지,S ~ L,25,000,#415496#c3bfbe#022954#d02933#000000,203.png
야구점퍼(아이보리)_10장부터 주문가능,XS ~ 3XL,49,000,#d02933#0e3a95#022954#229844#080808#304dc2#fa733c#57223e#eda9a7,204.png
야구점퍼(화이트)_10장부터 주문가능,XS ~ 3XL,49,000,#d02933#304dc2#0e3a95#229844#fa733c#eda9a7#022954#080808#57223e#efecea,205.png
대학과잠바(남녀공용),S ~ 2XL,41,900,#1f5bbc#d02933#080808,206.png
이누이트 파카,S ~ 3XL,85,900,#d02933#304dc2#022954#080808,207.png
길단 44S30 기능성 반바지,S ~ XL,13,000,#d02933#333333#000000,208.png
기모 트레이닝 긴바지,S ~ XL,16,000,#080808#a5a5aa#333333#022954,209.png
단체복 야상(남녀공용),S ~ 3XL,47,900,#9d0d1c#c3bfbe#080808#1f5bbc#0a1429#423c24,210.png
블랙라벨 롱패딩 자켓(남녀공용),S(85) ~ 4XL(115),84,900,#000000,211.png
헤비 패딩조끼,S(85) ~ 3XL(110),35,300,#022954#423c24#080808,212.png
2선 반바지,FREE,9,900,#1f5bbc#d02933#080808#0a1429,213.png
얼반 아웃도어 자켓(남녀공용),S(85) ~ 3XL(110),43,500,#080808#022954,214.png
야구점퍼(블랙/화이트)_10장부터 주문가능,XS ~ 3XL,49,000,#0e3a95#eda9a7#d02933#304dc2#229844#fa733c#57223e#022954#080808,215.png
캐주얼 travel 자켓(남녀공용),S(85) ~ 3XL(110),41,500,#a5a5aa,216.png
캐주얼 바람막이 자켓(멜란지),S(85) ~ 3XL(110),53,000,#a5a5aa,217.png
캐주얼 바람막이 자켓(남녀공용),S(85) ~ 3XL(110),52,900,#d02933#080808#304dc2#022954#423c24,218.png
세이프티 방한 자켓,S(85) ~ 3XL(110),52,900,#a5a5aa#080808#022954,219.png
캐주얼 방한 자켓(남녀공용),S(85) ~ 3XL(110),52,900,#022954#423c24#d02933#080808#304dc2,220.png
프린트스타 32수 라운드 반팔(남녀공용),S ~ 2XL,5,900,#022954#eda9a7#0091aa#80a955#0784bc#aec3d7#dc3c78#d02933#fa733c#2a392c#000000#edbf04#633274#63252a#229844#eebac7#ffffff#bebec5#415496,221.png
롱 과잠바(남녀공용),S(85) ~ 3XL(110),84,900,#000000,222.png
오리털 롱패딩(남녀공용),S(85) ~ 3XL(110),104,900,#000000,223.png
퍼블릭 롱패딩 자켓(남녀공용),S(85) ~ 4XL(115),78,000,#000000,224.png
벤프 롱 파카(남녀공용),S ~ 4XL,89,000,#000000,225.png
뉴 롱 패딩(남녀공용),S(85) ~ 4XL(115),59,900,#000000,226.png
뉴 롱 과잠바(남녀공용),S(85) ~ 3XL(110),83,900,#000000,227.png
뉴 롱 패딩 화이트(남녀공용),S(85) ~ 4XL(115),62,900,#ffffff,228.png
컴포트 컬러즈 1566 맨투맨,M ~ XL,33,900,#b74b4b#7dd0d3#95938f#8189bc#ffffff#5B5B59,229.png
컴포트 컬러즈 1567 후드,M ~ XL,37,900,#8cc7b5#82869b#5B5B59#95938f#b74b4b#8189bc#ffffff,230.png
